time,action
0.0,helloworld-0.default.192.168.1.240.sslip.io
0.0,lr_serving-0.default.192.168.1.240.sslip.io
0.0,lr_training-0.default.192.168.1.240.sslip.io
0.0,pyaes-0.default.192.168.1.240.sslip.io
1.0,lr_training-0.default.192.168.1.240.sslip.io
1.0,helloworld-0.default.192.168.1.240.sslip.io
1.0,lr_serving-0.default.192.168.1.240.sslip.io
1.0,image_rotate-0.default.192.168.1.240.sslip.io
1.0,pyaes-0.default.192.168.1.240.sslip.io
2.0,lr_serving-0.default.192.168.1.240.sslip.io
2.0,helloworld-0.default.192.168.1.240.sslip.io
2.0,lr_training-0.default.192.168.1.240.sslip.io
2.0,pyaes-0.default.192.168.1.240.sslip.io
3.0,lr_training-0.default.192.168.1.240.sslip.io
3.0,pyaes-0.default.192.168.1.240.sslip.io
3.0,image_rotate-0.default.192.168.1.240.sslip.io
3.0,lr_serving-0.default.192.168.1.240.sslip.io
3.0,json_serdes-0.default.192.168.1.240.sslip.io
3.0,chameleon-0.default.192.168.1.240.sslip.io
3.0,rnn_serving-0.default.192.168.1.240.sslip.io
3.0,helloworld-0.default.192.168.1.240.sslip.io
4.0,pyaes-0.default.192.168.1.240.sslip.io
4.0,lr_training-0.default.192.168.1.240.sslip.io
4.0,helloworld-0.default.192.168.1.240.sslip.io
4.0,lr_serving-0.default.192.168.1.240.sslip.io
5.0,lr_training-0.default.192.168.1.240.sslip.io
5.0,helloworld-0.default.192.168.1.240.sslip.io
5.0,image_rotate-0.default.192.168.1.240.sslip.io
5.0,lr_serving-0.default.192.168.1.240.sslip.io
5.0,pyaes-0.default.192.168.1.240.sslip.io
6.0,lr_serving-0.default.192.168.1.240.sslip.io
6.0,lr_training-0.default.192.168.1.240.sslip.io
6.0,pyaes-0.default.192.168.1.240.sslip.io
6.0,helloworld-0.default.192.168.1.240.sslip.io
7.0,lr_training-0.default.192.168.1.240.sslip.io
7.0,pyaes-0.default.192.168.1.240.sslip.io
7.0,image_rotate-0.default.192.168.1.240.sslip.io
7.0,lr_serving-0.default.192.168.1.240.sslip.io
7.0,helloworld-0.default.192.168.1.240.sslip.io
8.0,pyaes-0.default.192.168.1.240.sslip.io
8.0,json_serdes-0.default.192.168.1.240.sslip.io
8.0,lr_training-0.default.192.168.1.240.sslip.io
8.0,lr_serving-0.default.192.168.1.240.sslip.io
8.0,helloworld-0.default.192.168.1.240.sslip.io
8.0,chameleon-0.default.192.168.1.240.sslip.io
9.0,lr_training-0.default.192.168.1.240.sslip.io
9.0,helloworld-0.default.192.168.1.240.sslip.io
9.0,lr_serving-0.default.192.168.1.240.sslip.io
9.0,image_rotate-0.default.192.168.1.240.sslip.io
9.0,pyaes-0.default.192.168.1.240.sslip.io
166.66666666666666,pyaes-0.default.192.168.1.240.sslip.io
167.66666666666666,pyaes-0.default.192.168.1.240.sslip.io
168.66666666666666,pyaes-0.default.192.168.1.240.sslip.io
170.66666666666666,pyaes-0.default.192.168.1.240.sslip.io
171.66666666666666,pyaes-0.default.192.168.1.240.sslip.io
172.66666666666666,pyaes-0.default.192.168.1.240.sslip.io
173.66666666666666,pyaes-0.default.192.168.1.240.sslip.io
174.66666666666666,pyaes-0.default.192.168.1.240.sslip.io
175.66666666666666,pyaes-0.default.192.168.1.240.sslip.io
202.0,helloworld-0.default.192.168.1.240.sslip.io
203.0,pyaes-0.default.192.168.1.240.sslip.io
207.0,helloworld-0.default.192.168.1.240.sslip.io
333.3333333333333,pyaes-0.default.192.168.1.240.sslip.io
333.3333333333333,helloworld-0.default.192.168.1.240.sslip.io
334.3333333333333,pyaes-0.default.192.168.1.240.sslip.io
335.3333333333333,pyaes-0.default.192.168.1.240.sslip.io
337.3333333333333,pyaes-0.default.192.168.1.240.sslip.io
337.3333333333333,helloworld-0.default.192.168.1.240.sslip.io
338.3333333333333,helloworld-0.default.192.168.1.240.sslip.io
338.3333333333333,pyaes-0.default.192.168.1.240.sslip.io
339.3333333333333,pyaes-0.default.192.168.1.240.sslip.io
340.3333333333333,pyaes-0.default.192.168.1.240.sslip.io
341.3333333333333,pyaes-0.default.192.168.1.240.sslip.io
342.3333333333333,helloworld-0.default.192.168.1.240.sslip.io
342.3333333333333,pyaes-0.default.192.168.1.240.sslip.io
402.0,helloworld-0.default.192.168.1.240.sslip.io
403.0,pyaes-0.default.192.168.1.240.sslip.io
407.0,helloworld-0.default.192.168.1.240.sslip.io
500.0,pyaes-0.default.192.168.1.240.sslip.io
501.0,helloworld-0.default.192.168.1.240.sslip.io
501.0,pyaes-0.default.192.168.1.240.sslip.io
502.0,pyaes-0.default.192.168.1.240.sslip.io
503.0,helloworld-0.default.192.168.1.240.sslip.io
504.0,pyaes-0.default.192.168.1.240.sslip.io
505.0,pyaes-0.default.192.168.1.240.sslip.io
506.0,pyaes-0.default.192.168.1.240.sslip.io
507.0,pyaes-0.default.192.168.1.240.sslip.io
508.0,helloworld-0.default.192.168.1.240.sslip.io
508.0,pyaes-0.default.192.168.1.240.sslip.io
509.0,pyaes-0.default.192.168.1.240.sslip.io
602.0,helloworld-0.default.192.168.1.240.sslip.io
603.0,pyaes-0.default.192.168.1.240.sslip.io
607.0,helloworld-0.default.192.168.1.240.sslip.io
666.6666666666666,pyaes-0.default.192.168.1.240.sslip.io
666.6666666666666,helloworld-0.default.192.168.1.240.sslip.io
667.6666666666666,pyaes-0.default.192.168.1.240.sslip.io
668.6666666666666,pyaes-0.default.192.168.1.240.sslip.io
670.6666666666666,pyaes-0.default.192.168.1.240.sslip.io
670.6666666666666,helloworld-0.default.192.168.1.240.sslip.io
671.6666666666666,pyaes-0.default.192.168.1.240.sslip.io
671.6666666666666,helloworld-0.default.192.168.1.240.sslip.io
672.6666666666666,pyaes-0.default.192.168.1.240.sslip.io
673.6666666666666,pyaes-0.default.192.168.1.240.sslip.io
674.6666666666666,pyaes-0.default.192.168.1.240.sslip.io
675.6666666666666,pyaes-0.default.192.168.1.240.sslip.io
675.6666666666666,helloworld-0.default.192.168.1.240.sslip.io
802.0,helloworld-0.default.192.168.1.240.sslip.io
803.0,pyaes-0.default.192.168.1.240.sslip.io
807.0,helloworld-0.default.192.168.1.240.sslip.io
833.3333333333333,pyaes-0.default.192.168.1.240.sslip.io
834.3333333333333,pyaes-0.default.192.168.1.240.sslip.io
835.3333333333333,pyaes-0.default.192.168.1.240.sslip.io
837.3333333333333,pyaes-0.default.192.168.1.240.sslip.io
838.3333333333333,pyaes-0.default.192.168.1.240.sslip.io
839.3333333333333,pyaes-0.default.192.168.1.240.sslip.io
840.3333333333333,pyaes-0.default.192.168.1.240.sslip.io
841.3333333333333,pyaes-0.default.192.168.1.240.sslip.io
842.3333333333333,pyaes-0.default.192.168.1.240.sslip.io
